{
  "project_info": {
    "project_number": "742122959053",
    "firebase_url": "https://plataforma-digital-198521.firebaseio.com",
    "project_id": "plataforma-digital-198521",
    "storage_bucket": "plataforma-digital-198521.appspot.com"
  },
  "client": [
    {
      "client_info": {
        "mobilesdk_app_id": "1:742122959053:android:0d1eb9a681af2460",
        "android_client_info": {
          "package_name": "com.xamarin.fcmexample"
        }
      },
      "oauth_client": [
        {
          "client_id": "742122959053-fs8ig84fu1aef1ukmm9j5pnrkk7el65u.apps.googleusercontent.com",
          "client_type": 3
        }
      ],
      "api_key": [
        {
          "current_key": "AIzaSyA5CuTvGAC10py3OATuSnGeN21Zz-aUxH0"
        }
      ],
      "services": {
        "analytics_service": {
          "status": 1
        },
        "appinvite_service": {
          "status": 1,
          "other_platform_oauth_client": []
        },
        "ads_service": {
          "status": 2
        }
      }
    }
  ],
  "configuration_version": "1"
}